timestamp,total_pss,native,dalvik
09:40:16,46008,14957,11051
09:40:22,44379,13329,11050
09:40:27,44379,13329,11050
09:40:32,44380,13329,11051
09:40:37,44380,13329,11051
09:40:43,44380,13329,11051
09:40:48,44332,13281,11051
09:40:53,44280,13233,11047
09:40:58,44264,13221,11043
09:41:04,44272,13221,11051
09:41:09,44232,13181,11051
09:41:14,40119,9076,11043
09:41:19,40119,9076,11043
09:41:25,40119,9076,11043
09:41:30,40115,9076,11039
09:41:35,39891,8844,11047
09:41:40,39891,8844,11047
09:41:46,39807,8764,11043
09:41:51,39807,8768,11039
09:41:56,39815,8768,11047
09:42:01,39802,8768,11034
09:42:07,39806,8768,11038
09:42:12,39542,8500,11042
09:42:17,39542,8500,11042
09:42:22,39542,8500,11042
09:42:28,39490,8456,11034
09:42:33,39490,8456,11034
09:42:38,39394,8336,11058
09:42:43,39395,8336,11059
09:42:49,39395,8336,11059
09:42:54,39391,8336,11055
09:42:59,39391,8340,11051
09:43:05,39399,8340,11059
09:43:10,39399,8341,11058
09:43:15,39391,8341,11050
09:43:20,39399,8341,11058
09:43:26,39399,8341,11058
09:43:31,39399,8341,11058
09:43:36,39391,8341,11050
09:43:42,39399,8341,11058
09:43:47,39391,8341,11050
09:43:52,39399,8341,11058
09:43:57,39399,8341,11058
09:44:03,20000,0,0
09:44:08,20000,0,0
09:44:13,20000,0,0
09:44:18,20000,0,0
09:44:23,20000,0,0
09:44:29,55825,23480,12345
09:44:34,54088,23323,10765
09:44:39,54088,23327,10761
09:44:44,54088,23327,10761
09:44:50,54088,23327,10761
09:44:55,54088,23327,10761
09:45:00,54092,23327,10765
09:45:06,54092,23327,10765
09:45:11,54132,23367,10765
09:45:16,54124,23367,10757
09:45:22,54120,23367,10753
09:45:27,54120,23367,10753
09:45:32,54116,23367,10749
09:45:37,54116,23367,10749
09:45:43,54124,23367,10757
09:45:48,54120,23367,10753
09:45:53,54124,23371,10753
09:45:59,54128,23371,10757
09:46:04,54124,23371,10753
09:46:09,54132,23371,10761
09:46:14,54132,23371,10761
09:46:20,54132,23371,10761
09:46:25,54129,23371,10758
09:46:30,54133,23379,10754
09:46:35,54137,23379,10758
09:46:41,54077,23323,10754
09:46:46,54077,23323,10754
09:46:51,54081,23323,10758
09:46:56,54077,23323,10754
09:47:02,54077,23323,10754
09:47:07,54085,23323,10762
09:47:12,54085,23323,10762
09:47:18,54085,23323,10762
09:47:23,54085,23323,10762
09:47:28,54085,23323,10762
09:47:34,54081,23323,10758
09:47:39,54085,23323,10762
09:47:44,54081,23323,10758
09:47:49,54085,23323,10762
09:47:55,54081,23323,10758
09:48:00,54081,23323,10758
09:48:05,54081,23323,10758
09:48:11,54085,23323,10762
09:48:16,54081,23323,10758
09:48:21,54077,23323,10754
09:48:27,54085,23323,10762
09:48:32,54077,23323,10754
09:48:37,54081,23323,10758
09:48:42,54081,23323,10758
09:48:48,54077,23323,10754
09:48:53,54081,23323,10758
09:48:58,54085,23323,10762
09:49:03,54089,23327,10762
09:49:09,54085,23327,10758
09:49:14,54089,23327,10762
09:49:19,54089,23327,10762
09:49:25,54093,23327,10766
09:49:30,54081,23327,10754
09:49:35,54085,23327,10758
09:49:40,54089,23327,10762
09:49:46,54081,23327,10754
09:49:51,54085,23327,10758
09:49:56,54089,23327,10762
09:50:02,54085,23327,10758
09:50:07,54089,23327,10762
09:50:12,54089,23327,10762
09:50:18,54081,23327,10754
09:50:23,54097,23335,10762
09:50:28,54097,23335,10762
09:50:33,54089,23335,10754
09:50:39,54093,23335,10758
09:50:44,54089,23335,10754
09:50:49,54093,23335,10758
09:50:54,54093,23335,10758
09:51:00,54097,23335,10762
09:51:05,54097,23335,10762
09:51:10,54093,23335,10758
09:51:16,54093,23335,10758
09:51:21,54093,23335,10758
09:51:26,54097,23335,10762
09:51:32,54093,23335,10758
09:51:37,54089,23335,10754
09:51:42,54093,23335,10758
09:51:47,54093,23335,10758
09:51:53,54093,23335,10758
09:51:58,54097,23335,10762
09:52:03,54097,23335,10762
09:52:08,54093,23335,10758
09:52:14,54093,23335,10758
09:52:19,54093,23335,10758
09:52:24,54093,23335,10758
09:52:30,54097,23335,10762
09:52:35,54093,23335,10758
09:52:40,54093,23335,10758
09:52:46,54093,23335,10758
09:52:51,54097,23335,10762
09:52:56,54089,23335,10754
09:53:01,54089,23335,10754
09:53:07,54093,23335,10758
09:53:12,54093,23335,10758
09:53:17,54093,23335,10758
09:53:23,54093,23335,10758
09:53:28,54093,23335,10758
09:53:33,54093,23335,10758
09:53:38,54089,23335,10754
09:53:45,54097,23335,10762
09:53:50,54089,23335,10754
09:53:55,54089,23335,10754
09:54:00,52857,22118,10739
09:54:06,52854,22123,10731
09:54:11,52853,22122,10731
09:54:16,52871,22141,10730
09:54:21,52871,22141,10730
09:54:27,52879,22145,10734
09:54:32,52875,22145,10730
09:54:37,52875,22145,10730
09:54:43,52903,22173,10730
09:54:48,52799,22069,10730
09:54:53,52807,22069,10738
09:54:58,52799,22069,10730
09:55:04,52808,22070,10738
09:55:09,52808,22070,10738
09:55:14,52804,22070,10734
09:55:20,52804,22070,10734
09:55:25,52804,22070,10734
09:55:30,52812,22078,10734
09:55:36,52808,22078,10730
09:55:41,52812,22078,10734
09:55:46,52812,22078,10734
09:55:51,52808,22078,10730
09:55:57,52784,22054,10730
09:56:02,52791,22054,10737
09:56:07,52795,22054,10741
09:56:13,52795,22054,10741
09:56:18,52795,22054,10741
09:56:23,52791,22054,10737
09:56:28,52795,22054,10741
09:56:34,52791,22054,10737
09:56:39,52807,22066,10741
09:56:44,52807,22066,10741
09:56:50,52807,22066,10741
09:56:55,52807,22066,10741
09:57:00,52803,22066,10737
09:57:05,52803,22066,10737
09:57:11,52803,22066,10737
09:57:16,52807,22066,10741
09:57:21,52807,22066,10741
09:57:27,52803,22066,10737
09:57:32,52807,22066,10741
09:57:37,52803,22066,10737
09:57:43,52803,22066,10737
09:57:48,52807,22070,10737
09:57:53,52811,22070,10741
09:57:58,52807,22070,10737
09:58:04,52811,22070,10741
09:58:09,52807,22070,10737
09:58:14,52807,22070,10737
09:58:20,52811,22070,10741
09:58:25,52811,22070,10741
09:58:30,52811,22070,10741
09:58:36,52811,22070,10741
09:58:41,52811,22070,10741
09:58:46,52811,22070,10741
09:58:51,52811,22070,10741
09:58:57,52803,22070,10733
09:59:02,52810,22070,10740
09:59:07,52806,22070,10736
09:59:13,52810,22070,10740
09:59:18,52810,22070,10740
09:59:23,52810,22070,10740
09:59:29,52810,22070,10740
09:59:34,52806,22070,10736
09:59:39,52810,22070,10740
09:59:44,52810,22070,10740
09:59:50,52806,22070,10736
09:59:55,52810,22070,10740
10:00:00,52806,22070,10736
10:00:06,52806,22070,10736
10:00:11,52810,22070,10740
10:00:16,52810,22070,10740
10:00:22,52810,22070,10740
10:00:27,52810,22070,10740
10:00:32,52810,22070,10740
10:00:37,52810,22070,10740
10:00:43,52810,22070,10740
10:00:48,52810,22070,10740
10:00:53,52810,22070,10740
10:00:59,52810,22070,10740
10:01:04,52810,22070,10740
10:01:09,52826,22086,10740
10:01:15,52826,22086,10740
10:01:20,52822,22086,10736
10:01:25,52826,22086,10740
10:01:30,52826,22086,10740
10:01:36,52826,22086,10740
10:01:41,52822,22086,10736
10:01:46,52826,22086,10740
10:01:52,52826,22086,10740
10:01:57,52826,22086,10740
10:02:02,52822,22086,10736
10:02:08,52826,22086,10740
10:02:13,52826,22086,10740
10:02:18,52826,22086,10740
10:02:24,52826,22086,10740
10:02:29,52818,22086,10732
10:02:34,52826,22086,10740
10:02:39,52826,22086,10740
10:02:45,52826,22086,10740
10:02:50,52822,22086,10736
10:02:55,52826,22086,10740
10:03:01,52826,22086,10740
10:03:06,52826,22086,10740
10:03:11,52822,22086,10736
10:03:17,52822,22086,10736
10:03:22,52826,22086,10740
10:03:27,52826,22086,10740
10:03:32,52826,22086,10740
10:03:38,52822,22086,10736
10:03:43,52826,22086,10740
10:03:48,52826,22086,10740
10:03:54,52822,22086,10736
10:03:59,52826,22086,10740
10:04:04,52822,22086,10736
10:04:10,52826,22086,10740
10:04:15,52822,22086,10736
10:04:20,52826,22086,10740
10:04:26,52826,22086,10740
10:04:31,52822,22086,10736
10:04:36,52826,22086,10740
10:04:41,52818,22086,10732
10:04:47,52822,22086,10736
10:04:52,52826,22086,10740
10:04:57,52822,22086,10736
10:05:03,52826,22086,10740
10:05:08,52826,22086,10740
10:05:13,52826,22086,10740
10:05:19,52826,22086,10740
10:05:24,52826,22086,10740
10:05:29,52826,22086,10740
10:05:35,52826,22086,10740
10:05:40,52826,22086,10740
10:05:45,52826,22086,10740
10:05:51,52826,22086,10740
10:05:56,52822,22086,10736
10:06:01,52826,22086,10740
10:06:06,52822,22086,10736
10:06:12,52826,22086,10740
10:06:17,52822,22086,10736
10:06:22,52822,22086,10736
10:06:28,52826,22086,10740
10:06:33,52826,22086,10740
10:06:38,52826,22086,10740
10:06:44,52822,22086,10736
10:06:49,52822,22086,10736
10:06:54,52826,22086,10740
10:06:59,52826,22086,10740
10:07:05,52826,22086,10740
10:07:10,52826,22086,10740
10:07:15,52826,22086,10740
10:07:21,52822,22086,10736
10:07:26,52826,22086,10740
10:07:31,52826,22086,10740
10:07:37,52822,22086,10736
10:07:42,52822,22086,10736
10:07:47,52826,22086,10740
10:07:52,52826,22086,10740
10:07:58,52822,22086,10736
10:08:03,52822,22086,10736
10:08:08,52826,22086,10740
10:08:14,52826,22086,10740
10:08:19,52826,22086,10740
10:08:24,52826,22086,10740
10:08:30,52826,22086,10740
10:08:35,52826,22086,10740
10:08:40,52822,22086,10736
10:08:46,52826,22086,10740
10:08:51,52826,22086,10740
10:08:56,52826,22086,10740
10:09:01,52826,22086,10740
10:09:07,52826,22086,10740
10:09:12,52822,22086,10736
10:09:17,52826,22086,10740
10:09:23,52826,22086,10740
10:09:28,52826,22086,10740
10:09:33,52826,22086,10740
10:09:39,52826,22086,10740
10:09:44,52822,22086,10736
10:09:49,52822,22086,10736
10:09:55,52826,22086,10740
10:10:00,52826,22086,10740
10:10:05,52826,22086,10740
10:10:11,52826,22086,10740
10:10:16,52826,22086,10740
10:10:21,52826,22086,10740
10:10:26,52826,22086,10740
10:10:32,52826,22086,10740
10:10:37,52826,22086,10740
10:10:42,52826,22086,10740
10:10:48,52822,22086,10736
10:10:53,52826,22086,10740
10:10:58,52822,22086,10736
10:11:04,52826,22086,10740
10:11:09,52826,22086,10740
10:11:14,52826,22086,10740
10:11:20,52826,22086,10740
10:11:25,52826,22086,10740
10:11:30,52826,22086,10740
10:11:36,52826,22086,10740
10:11:41,52824,22085,10739
10:11:46,52824,22085,10739
10:11:51,52826,22086,10740
10:11:57,52826,22086,10740
